date,matches,stations
2026-01-01,159,138
2026-01-02,412,162
2026-01-03,1417,180
2026-01-04,1599,169
2026-01-05,431,168
2026-01-06,303,154
2026-01-07,305,146
2026-01-08,59,38
2026-01-09,111,89
2026-01-10,405,149
2026-01-11,34,44
2026-01-12,182,132
2026-01-13,269,134
2026-01-14,633,171
2026-01-15,289,130
2026-01-16,404,150
2026-01-17,195,107
2026-01-18,138,43
2026-01-19,161,82
2026-01-20,136,109
2026-01-21,216,126
2026-01-22,51,60
2026-01-23,145,112
2026-01-24,151,76
2026-01-25,70,53
2026-01-26,1,3
2026-01-27,56,84
2026-01-28,294,146
2026-01-29,151,83
2026-01-30,33,34
2026-01-31,83,85
2026-02-01,2,5
2026-02-02,3,6
2026-02-03,0,0
2026-02-04,35,53
2026-02-05,2,4
2026-02-06,47,56
2026-02-07,89,86
2026-02-08,74,76
2026-02-09,1,2
2026-02-10,4,8
2026-02-11,12,25
2026-02-12,73,81
2026-02-13,171,109
2026-02-14,401,167
2026-02-15,126,133
2026-02-16,381,167
2026-02-17,426,169
2026-02-18,11,5
2026-02-19,6,10
2026-02-20,34,62
2026-02-21,32,24
2026-02-22,103,129
2026-02-23,200,143
2026-02-24,167,149
2026-02-25,231,129
2026-02-26,146,102
2026-02-27,20,18
2026-02-28,60,73
2026-03-01,21,35
2026-03-02,41,52
2026-03-03,79,86
2026-03-04,115,103
2026-03-05,75,94
2026-03-06,68,27
2026-03-07,100,28
2026-03-08,87,28
2026-03-09,51,72
2026-03-10,64,100
2026-03-11,219,166
2026-03-12,108,108
2026-03-13,234,168
2026-03-14,470,185
2026-03-15,247,163
2026-03-16,184,146
2026-03-17,171,146
2026-03-18,500,176
2026-03-19,509,173
2026-03-20,334,159
2026-03-21,308,173
2026-03-22,325,165
2026-03-23,86,94
2026-03-24,66,91
2026-03-25,318,165
2026-03-26,274,169
2026-03-27,62,88
2026-03-28,257,164
2026-03-29,159,138
2026-03-30,130,128
2026-03-31,23,47
2026-04-01,33,42
2026-04-02,92,92
2026-04-03,89,128
2026-04-04,99,119
2026-04-05,253,176
2026-04-06,401,188
2026-04-07,375,183
2026-04-08,291,160
2026-04-09,238,166
2026-04-10,92,74
2026-04-11,74,102
2026-04-12,276,168
2026-04-13,401,184
2026-04-14,259,162
2026-04-15,86,119
2026-04-16,70,79
2026-04-17,100,103
2026-04-18,434,182
2026-04-19,516,182
2026-04-20,451,177
2026-04-21,515,171
2026-04-22,670,174
2026-04-23,654,177
2026-04-24,477,173
2026-04-25,325,178
2026-04-26,98,104
2026-04-27,142,118
2026-04-28,179,133
2026-04-29,232,170
2026-04-30,234,164
2026-05-01,121,126
2026-05-02,24,36
2026-05-03,10,16
2026-05-04,79,86
2026-05-05,93,85
2026-05-06,129,102
2026-05-07,152,98
2026-05-08,97,90
2026-05-09,155,122
2026-05-10,222,169
2026-05-11,377,156
2026-05-12,329,157
2026-05-13,180,138
2026-05-14,212,141
2026-05-15,205,132
2026-05-16,121,107
2026-05-17,113,130
2026-05-18,76,65
2026-05-19,6,12
2026-05-20,64,104
2026-05-21,134,142
2026-05-22,151,135
2026-05-23,68,104
2026-05-24,212,162
2026-05-25,188,167
2026-05-26,192,157
2026-05-27,143,141
2026-05-28,70,88
2026-05-29,71,113
2026-05-30,75,111
2026-05-31,71,94
2026-06-01,35,57
2026-06-02,59,96
2026-06-03,99,105
2026-06-04,97,111
2026-06-05,99,105
2026-06-06,37,47
2026-06-07,47,60
2026-06-08,91,118
2026-06-09,210,139
2026-06-10,185,152
2026-06-11,107,125
2026-06-12,63,98
2026-06-13,170,144
2026-06-14,175,150
2026-06-15,65,83
2026-06-16,4,7
2026-06-17,38,64
2026-06-18,132,107
2026-06-19,161,108
2026-06-20,123,128
2026-06-21,190,149
2026-06-22,142,127
2026-06-23,148,126
2026-06-24,185,145
2026-06-25,130,138
2026-06-26,131,122
2026-06-27,133,125
2026-06-28,157,135
2026-06-29,123,123
2026-06-30,27,38
2026-07-01,100,90
2026-07-02,140,144
2026-07-03,181,136
2026-07-04,180,100
2026-07-05,123,90
2026-07-06,107,86
2026-07-07,228,135
2026-07-08,270,153
2026-07-09,302,158
2026-07-10,292,151
2026-07-11,363,151
2026-07-12,338,146
2026-07-13,379,154
2026-07-14,348,145
2026-07-15,348,138
2026-07-16,340,143
2026-07-17,298,150
2026-07-18,316,159
2026-07-19,311,159
2026-07-20,375,155
2026-07-21,357,158
2026-07-22,281,134
2026-07-23,222,144
2026-07-24,369,155
2026-07-25,382,138
2026-07-26,216,122
2026-07-27,470,149
2026-07-28,296,130
2026-07-29,362,144
2026-07-30,315,149
2026-07-31,388,145
2026-08-01,487,159
2026-08-02,340,133
2026-08-03,325,114
2026-08-04,400,142
2026-08-05,686,153
2026-08-06,903,161
2026-08-07,1176,165
2026-08-08,1199,172
2026-08-09,1183,181
2026-08-10,1390,182
2026-08-11,1647,181
2026-08-12,2935,183
2026-08-13,3586,185
2026-08-14,1840,165
2026-08-15,882,166
2026-08-16,352,127
2026-08-17,207,88
2026-08-18,80,51
2026-08-19,247,139
2026-08-20,432,147
2026-08-21,504,154
2026-08-22,822,169
2026-08-23,768,170
2026-08-24,700,175
2026-08-25,341,142
2026-08-26,125,86
2026-08-27,110,83
2026-08-28,205,120
2026-08-29,99,75
2026-08-30,157,85
2026-08-31,218,130
2026-09-01,268,130
2026-09-02,90,63
2026-09-03,48,58
2026-09-04,323,157
2026-09-05,503,165
2026-09-06,292,133
2026-09-07,231,131
2026-09-08,343,166
2026-09-09,694,173
2026-09-10,198,103
2026-09-11,663,167
2026-09-12,549,165
2026-09-13,69,55
2026-09-14,293,98
2026-09-15,445,169
2026-09-16,642,173
2026-09-17,399,168
2026-09-18,386,162
2026-09-19,187,109
2026-09-20,469,175
2026-09-21,720,169
2026-09-22,682,165
2026-09-23,432,154
2026-09-24,437,168
2026-09-25,318,137
2026-09-26,225,132
2026-09-27,122,102
2026-09-28,201,123
2026-09-29,98,82
2026-09-30,133,102
2026-10-01,493,172
2026-10-02,554,155
2026-10-03,749,183
2026-10-04,821,165
2026-10-05,537,142
2026-10-06,481,117
2026-10-07,625,167
2026-10-08,892,173
